{"model": "qwen3-coder:30b", "N": 20, "rows": {"5": [1.0, 1.0, 0.0], "20": [0.95, 0.55, -0.3999999999999999], "50": [0.95, 0.4, -0.5499999999999999]}}