{"n_sets": 12, "by_D": {"1": {"none": 0.4479166666666666, "outcome": 0.8055555555555557, "lift": 0.3576388888888889, "ci": [0.2986111111111111, 0.4202256944444433], "random_lift": -0.2951388888888889}, "2": {"none": 0.3506944444444444, "outcome": 0.7118055555555555, "lift": 0.3611111111111111, "ci": [0.3159722222222222, 0.40625000000000006], "random_lift": -0.21527777777777776}, "4": {"none": 0.16319444444444445, "outcome": 0.6319444444444444, "lift": 0.46875, "ci": [0.42361111111111116, 0.5138888888888888], "random_lift": -0.08680555555555557}, "8": {"none": 0.12152777777777778, "outcome": 0.548611111111111, "lift": 0.4270833333333333, "ci": [0.3854166666666667, 0.46875000000000006], "random_lift": -0.06597222222222222}}}