{"final": {"1": {"none": [0.54, 0.46, 0.62, 0.33], "outcome": [0.79, 0.88, 0.83, 0.83], "random": [0.17, 0.04, 0.21, 0.12]}, "2": {"none": [0.33, 0.38, 0.38, 0.25], "outcome": [0.71, 0.75, 0.67, 0.75], "random": [0.12, 0.08, 0.21, 0.12]}, "4": {"none": [0.12, 0.17, 0.17, 0.08], "outcome": [0.62, 0.67, 0.58, 0.67], "random": [0.08, 0.12, 0.08, 0.08]}, "8": {"none": [0.12, 0.17, 0.08, 0.0], "outcome": [0.58, 0.58, 0.58, 0.5], "random": [0.04, 0.08, 0.0, 0.0]}}, "lift_by_D": {"1": [0.345, 0.22999999999999998, 0.45999999999999996, true], "2": [0.385, 0.3125, 0.4675, true], "4": [0.5, 0.43249999999999994, 0.5675000000000001, true], "8": [0.46749999999999997, 0.43249999999999994, 0.5, true]}, "M": 24, "T": 8, "sets": 4, "source": "b7qfuzlzi run, recomputed (verdict-bug fix)"}