{
 "runs": {
  "qwen3-coder:30b|cbudget=400": {
   "model": "qwen3-coder:30b",
   "budget": "cbudget=400",
   "M_levels": [
    48
   ],
   "sets": 5,
   "raw": {
    "48": [
     1.0,
     1.0,
     0.9444444444444444,
     0.8888888888888888,
     0.9444444444444444
    ]
   },
   "compiled": {
    "48": [
     0.2777777777777778,
     0.16666666666666666,
     0.2222222222222222,
     0.3333333333333333,
     0.2777777777777778
    ]
   },
   "loss": {
    "48": 0.7
   }
  },
  "gemma2:9b|cbudget=400": {
   "model": "gemma2:9b",
   "budget": "cbudget=400",
   "M_levels": [
    48
   ],
   "sets": 5,
   "raw": {
    "48": [
     1.0,
     1.0,
     1.0,
     1.0,
     1.0
    ]
   },
   "compiled": {
    "48": [
     0.3333333333333333,
     0.2222222222222222,
     0.16666666666666666,
     0.2777777777777778,
     0.2222222222222222
    ]
   },
   "loss": {
    "48": 0.7555555555555555
   }
  },
  "claude-opus-4.8|cbudget=400": {
   "model": "claude-opus-4.8 (dense structured packing; programmatic retention scoring)",
   "budget": "cbudget=400",
   "M_levels": [
    48
   ],
   "sets": 3,
   "sets_requested": 3,
   "n_valid": {
    "48": 3
   },
   "raw": {
    "48": [
     1.0,
     1.0,
     1.0
    ]
   },
   "compiled": {
    "48": [
     0.5,
     0.5,
     0.4791666666666667
    ]
   },
   "loss": {
    "48": 0.5069444444444444
   }
  }
 }
}