{"M": 24, "T": 8, "seeds": 3, "res": {"D1_p0.2": {"full": -0.47222222222222215, "boost": 0.0, "gated": -0.22222222222222215}, "D1_p0.4": {"full": -0.2499999999999999, "boost": 0.0, "gated": -0.13888888888888878}, "D1_p0.6": {"full": 0.125, "boost": 0.0, "gated": 0.11111111111111116}, "D1_p0.8": {"full": 0.375, "boost": 0.0, "gated": 0.1805555555555557}, "D1_p1.0": {"full": 0.44444444444444453, "boost": 0.0, "gated": 0.0}, "D3_p0.2": {"full": -0.26388888888888884, "boost": 0.0, "gated": -0.26388888888888884}, "D3_p0.4": {"full": -0.13888888888888884, "boost": 0.0, "gated": -0.12499999999999994}, "D3_p0.6": {"full": 0.20833333333333337, "boost": 0.0, "gated": 0.20833333333333337}, "D3_p0.8": {"full": 0.5416666666666667, "boost": 0.0, "gated": 0.5277777777777777}, "D3_p1.0": {"full": 0.7222222222222223, "boost": 0.01388888888888895, "gated": 0.43055555555555564}}, "worst": {"full": -0.47222222222222215, "boost": 0.0, "gated": -0.26388888888888884}, "gain_above": {"full": 0.32539682539682546, "boost": 0.001984126984126993, "gated": 0.1904761904761905}}