{"acc": {"1": {"keyword_fts5": [0.375, 0.5416666666666666, 0.375, 0.5833333333333334], "vector_nomic": [0.5416666666666666, 0.4583333333333333, 0.625, 0.3333333333333333], "inspeximus_none": [0.5416666666666666, 0.4583333333333333, 0.625, 0.3333333333333333], "inspeximus_outcome": [0.7916666666666666, 0.875, 0.8333333333333334, 0.8333333333333334]}, "2": {"keyword_fts5": [0.25, 0.3333333333333333, 0.5833333333333334, 0.375], "vector_nomic": [0.3333333333333333, 0.375, 0.375, 0.25], "inspeximus_none": [0.3333333333333333, 0.375, 0.375, 0.25], "inspeximus_outcome": [0.7083333333333334, 0.75, 0.6666666666666666, 0.75]}, "4": {"keyword_fts5": [0.041666666666666664, 0.16666666666666666, 0.08333333333333333, 0.20833333333333334], "vector_nomic": [0.125, 0.16666666666666666, 0.16666666666666666, 0.08333333333333333], "inspeximus_none": [0.125, 0.16666666666666666, 0.16666666666666666, 0.08333333333333333], "inspeximus_outcome": [0.625, 0.6666666666666666, 0.5833333333333334, 0.6666666666666666]}, "8": {"keyword_fts5": [0.3333333333333333, 0.08333333333333333, 0.125, 0.16666666666666666], "vector_nomic": [0.125, 0.16666666666666666, 0.08333333333333333, 0.0], "inspeximus_none": [0.125, 0.16666666666666666, 0.08333333333333333, 0.0], "inspeximus_outcome": [0.5833333333333334, 0.5833333333333334, 0.5833333333333334, 0.5]}}, "outcome_vs_best_realsystem_ci": [0.2916666666666667, 0.4375000000000001], "sets": 4}