{"acc": {"1": {"ext_sklearn": [0.5416666666666666, 0.4583333333333333, 0.625, 0.3333333333333333], "ext_numpy": [0.5416666666666666, 0.4583333333333333, 0.625, 0.3333333333333333], "inspeximus_none": [0.5416666666666666, 0.4583333333333333, 0.625, 0.3333333333333333], "inspeximus_outcome": [0.7916666666666666, 0.875, 0.8333333333333334, 0.8333333333333334]}, "2": {"ext_sklearn": [0.3333333333333333, 0.375, 0.375, 0.25], "ext_numpy": [0.3333333333333333, 0.375, 0.375, 0.25], "inspeximus_none": [0.3333333333333333, 0.375, 0.375, 0.25], "inspeximus_outcome": [0.7083333333333334, 0.75, 0.6666666666666666, 0.75]}, "4": {"ext_sklearn": [0.125, 0.16666666666666666, 0.16666666666666666, 0.08333333333333333], "ext_numpy": [0.125, 0.16666666666666666, 0.16666666666666666, 0.08333333333333333], "inspeximus_none": [0.125, 0.16666666666666666, 0.16666666666666666, 0.08333333333333333], "inspeximus_outcome": [0.625, 0.6666666666666666, 0.5833333333333334, 0.6666666666666666]}, "8": {"ext_sklearn": [0.125, 0.16666666666666666, 0.08333333333333333, 0.0], "ext_numpy": [0.125, 0.16666666666666666, 0.08333333333333333, 0.0], "inspeximus_none": [0.125, 0.16666666666666666, 0.08333333333333333, 0.0], "inspeximus_outcome": [0.5833333333333334, 0.5833333333333334, 0.5833333333333334, 0.5]}}, "outcome_vs_ext_ci": [0.43750000000000006, 0.5], "sets": 4}